<?xml version="1.0" encoding="UTF-8"?>
<!DOCTYPE mapper
  PUBLIC "-//mybatis.org//DTD Mapper 3.0//EN"
  "http://mybatis.org/dtd/mybatis-3-mapper.dtd">
<mapper namespace="com.sbs.meet.dao.FileDao">

	<insert id="save" useGeneratedKeys="true" keyProperty="id">
		INSERT
		INTO `file`
		SET regDate = NOW(),
		updateDate = NOW(),
		relTypeCode =
		#{relTypeCode},
		relId = #{relId},
		originFileName = #{originFileName},
		fileExt = #{fileExt},
		typeCode = #{typeCode},
		type2Code = #{type2Code},
		fileSize = #{fileSize},
		fileExtTypeCode = #{fileExtTypeCode},
		fileExtType2Code = #{fileExtType2Code},
		fileNo = #{fileNo},
		`body` =
		#{body}
	</insert>

	<update id="update">
		UPDATE `file`
		<set>
			updateDate = NOW(),
			<if test="originFileName != null">originFileName = #{originFileName},</if>
			<if test="fileExt != null">fileExt = #{fileExt},</if>
			<if test="fileSize != null">fileSize = #{fileSize},</if>
			<if test="fileExtTypeCode != null">fileExtTypeCode = #{fileExtTypeCode},</if>
			<if test="fileExtType2Code != null">fileExtType2Code = #{fileExtType2Code},</if>
			<if test="body != null">body = #{body},</if>
		</set>
		WHERE id = #{id}
	</update>

	<select
		id="getFilesRelTypeCodeAndRelIdsAndTypeCodeAndType2CodeAndFileNo"
		resultType="File">
		SELECT id, regDate, updateDate, relTypeCode, relId, originFileName,
		fileExt, typeCode, type2Code, fileExtTypeCode, fileExtType2Code,
		fileNo, fileSize
		FROM file
		WHERE 1
		AND relId IN
		<foreach item="relId" index="index" collection="relIds"
			open="(" separator="," close=")">
			#{relId}
		</foreach>
		AND relTypeCode = #{relTypeCode}
		AND typeCode = #{typeCode}
		AND
		type2Code = #{type2Code}
		AND fileNo = #{fileNo}
		ORDER BY relId
	</select>

	<select id="getFilesRelTypeCodeAndRelIdsAndTypeCodeAndType2Code"
		resultType="File">
		SELECT id, regDate, updateDate, relTypeCode, relId, originFileName,
		fileExt, typeCode, type2Code, fileExtTypeCode, fileExtType2Code,
		fileNo, fileSize
		FROM file
		WHERE 1
		AND relId IN
		<foreach item="relId" index="index" collection="relIds"
			open="(" separator="," close=")">
			#{relId}
		</foreach>
		AND relTypeCode = #{relTypeCode}
		AND typeCode = #{typeCode}
		AND
		type2Code = #{type2Code}
		ORDER BY relId, fileNo
	</select>

	<select id="getFilesRelTypeCodeAndRelIdAndTypeCodeAndType2Code"
		resultType="File">
		SELECT id, regDate, updateDate, relTypeCode, relId,
		originFileName,
		fileExt, typeCode, type2Code, fileExtTypeCode,
		fileExtType2Code,
		fileNo, fileSize
		FROM file
		WHERE 1
		AND relId = #{relId}
		AND relTypeCode = #{relTypeCode}
		AND typeCode = #{typeCode}
		AND
		type2Code = #{type2Code}
		ORDER BY fileNo
	</select>

	<select id="getFileById" resultType="File">
		SELECT id, regDate,
		updateDate, relTypeCode, relId, originFileName, fileExt,
		typeCode,
		type2Code, fileExtTypeCode, fileExtType2Code, fileNo, body,
		fileSize
		FROM file
		WHERE 1
		AND id = #{id}
	</select>

	<update id="changeRelId">
		UPDATE `file`
		<set>
			updateDate = NOW(),
			relId = #{relId}
		</set>
		WHERE id = #{id}
	</update>

	<delete id="deleteFiles">
		DELETE FROM file
		WHERE relId = #{relId}
		AND relTypeCode
		= #{relTypeCode}
	</delete>

	<delete id="deleteFile">
		DELETE FROM file
		WHERE id = #{id}
	</delete>

	<select id="getFileId" resultType="int">
		SELECT id
		FROM file
		WHERE
		relTypeCode = #{relTypeCode}
		AND relId = #{relId}
		AND typeCode =
		#{typeCode}
		AND type2Code = #{type2Code}
		AND fileNo = #{fileNo}
	</select>
	
</mapper>
  