<?xml version="1.0" encoding="UTF-8"?>
<!DOCTYPE mapper
  PUBLIC "-//mybatis.org//DTD Mapper 3.0//EN"
  "http://mybatis.org/dtd/mybatis-3-mapper.dtd">

<mapper namespace="com.sbs.meet.dao.MemberDao">

	<insert id="join" useGeneratedKeys="true" keyProperty="id">
		INSERT
		INTO member
		SET regDate = NOW(),
		updateDate = NOW(),
		mailStatus = 0,
		email = #{email},
		name = #{name},
		nickname = #{nickname},
		loginPw =
		#{loginPw},
		level = 1,
		introduce = "",
		delStatus = 0
	</insert>

	<select id="getNicknameDupCount" resultType="boolean">
		SELECT COUNT(*)
		FROM
		member
		WHERE nickname = #{nickname}
	</select>

	<select id="getMemberByEmail" resultType="Member">
		SELECT * FROM member
		WHERE email = #{email}
	</select>

	<select id="getMemberById" resultMap="member">
		SELECT * FROM member
		WHERE
		id = #{id}
	</select>

	<update id="doModifyPrivate">
		UPDATE member
		<set>
			updateDate = NOW(),
			<if test="loginPw != null">loginPw = #{loginPw},</if>
		</set>
		WHERE id = #{id}
	</update>

	<select id="doFindLoginId" resultType="Member">
		SELECT * FROM member
		WHERE
		nickname = #{nickname}
		AND name = #{name}
	</select>

	<select id="getEmailDupCount" resultType="boolean">
		SELECT COUNT(*)
		FROM
		member
		WHERE email = #{email}
	</select>

	<select id="getMemberByEmailForFindLoginPw" resultType="Member">
		SELECT *
		FROM member
		WHERE email = #{email}
	</select>

	<update id="doUpdateTempLoginPw">
		UPDATE member
		SET updateDate = NOW(),
		loginPw =
		#{loginPw}
		WHERE email = #{email}
	</update>

	<update id="doMyInfoEdit">
		UPDATE member
		SET updateDate = NOW(),
		name = #{name},
		email = #{email},
		nickname = #{nickname},
		introduce = #{introduce}
		WHERE
		id = #{id}
	</update>

	<select id="getArticleCount" resultType="int">
		SELECT COUNT(*) AS
		cnt
		FROM article
		WHERE memberId = #{memberId}
		AND displayStatus = 1
	</select>

	<update id="actionUpdetaSessionKey">
		UPDATE member
		SET sessionKey = #{sessionId},
		sessionLimit = #{sessionLimit}
		WHERE email =#{email}
	</update>

	<select id="checkUseWithSessionKey" resultType="Member">
		SELECT * FROM
		member
		WHERE sessionKey = #{sessionId}
		AND sessionLimit > NOW()
	</select>

	<select id="getUserAvatarImg" resultType="File">
		SELECT * FROM file
		WHERE relTypeCode = 'member'
		AND relId = #{memberId}
	</select>

	<update id="doUpdateLevel5">
		UPDATE member
		SET updateDate = NOW(),
		level = 5
		WHERE id
		= #{memberId}
	</update>

	<update id="doUpdateLevel10">
		UPDATE member
		SET updateDate = NOW(),
		level = 10
		WHERE
		id
		= #{memberId}
	</update>

	<select id="getAllMember" resultMap="member">
		SELECT * FROM member
		ORDER BY
		id DESC
		LIMIT 3;
	</select>

	<select id="getMsgNoticeCount" resultType="int">
		SELECT COUNT(*) AS
		cnt
		FROM message
		WHERE toId = #{loginedMemberId}
		AND readStatus = 0
	</select>

	<select id="getLikePointCount" resultType="int">
		SELECT COUNT(*) AS
		cnt
		FROM articleLike
		WHERE articleId = #{id}
		AND readStatus = 0
	</select>

	<select id="getRepliesCount" resultType="int">
		SELECT COUNT(*),
		A.body
		AS extra__body
		FROM articleReply AS AR
		INNER JOIN article AS A
		ON
		AR.articleId = A.id
		WHERE A.memberId = #{loginedMemberId}
		AND
		AR.memberId != #{loginedMemberId}
		AND AR.displayStatus = 1
		AND
		AR.readStatus = 0
	</select>

	<select id="getMyLikePoint" resultType="int">
		SELECT COUNT(*),
		A.body AS
		extra__body
		FROM articleLike AS AL
		INNER JOIN article AS A
		ON
		AL.articleId = A.id
		WHERE A.memberId = #{loginedMemberId}
		AND
		AL.readStatus = 0
	</select>

	<select id="getForPrintNotFollow" resultMap="member">
		SELECT M.*,
		M.nickname AS extra__writer
		FROM `member` AS M
		INNER JOIN friend AS F
		ON M.id = F.followerId
		WHERE F.followerId != #{loginedMemberId}
		AND M.delStatus = 0
		ORDER BY M.id DESC
		LIMIT 5;
	</select>

	<select id="getRepliesCountByMe" resultType="int">
		SELECT COUNT(*),
		A.body AS extra__body
		FROM articleReply AS AR
		INNER JOIN article AS A
		ON
		AR.articleId = A.id
		WHERE A.memberId = #{loginedMemberId}
		AND
		AR.memberId = #{loginedMemberId}
	</select>

	<select id="isNeedToChangePwPass3Months" resultType="String">
	<![CDATA[ 
		SELECT * FROM `member`
		WHERE id = #{loginedMemberId}
		AND delStatus = 0
		AND updateDate <= DATE_ADD(NOW(), INTERVAL -3 MONTH);
	]]>
	</select>

	<update id="updateActReadStatus">
		UPDATE articleLike AS AL
		INNER JOIN article AS A
		ON
		AL.articleId = A.id
		INNER JOIN member AS M
		ON M.id = AL.memberId
		SET
		AL.readStatus = 1
		WHERE A.memberId = #{loginedMemberId}
	</update>

	<update id="updateActReadStatusInReply">
		UPDATE articleReply AS AR
		INNER JOIN article AS A
		ON
		AR.articleId = A.id
		INNER JOIN member AS M
		ON M.id = AR.memberId
		SET
		AR.readStatus = 1
		WHERE A.memberId = #{loginedMemberId}
	</update>

	<insert id="doActionFollow">
		INSERT INTO friend
		SET regDate = NOW(),
		followId =
		#{followId},
		followerId = #{followerId},
		readStatus = 0
	</insert>

	<delete id="doDeleteFollow">
		DELETE FROM friend
		WHERE followId = #{followId}
		AND
		followerId = #{followerId}
	</delete>

	<select id="getMyFollowerCount" resultType="int">
		SELECT COUNT(*) AS
		cnt
		FROM friend
		WHERE followId = #{loginedMemberId}
		AND readStatus = 0
	</select>

	<select id="getForPrintMyFollow" resultMap="friend">
		SELECT F.*,
		M.nickname AS extra__writer
		FROM friend AS F
		INNER JOIN `member` AS M
		ON
		M.id = F.followerId
		WHERE F.followId = #{loginedMemberId}
		AND
		F.readStatus = 0
	</select>

	<update id="updateActReadStatusInFollow">
		UPDATE friend
		SET readStatus = 1
		WHERE followId = #{loginedMemberId}
	</update>

	<select id="getFollowCount" resultType="int">
		SELECT COUNT(*) AS cnt
		FROM friend WHERE followId = #{memberId}
	</select>

	<select id="getFollowerCount" resultType="int">
		SELECT COUNT(*) AS cnt
		FROM friend WHERE followerId = #{memberId}
	</select>

	<select id="getFollowingConfirm" resultType="int">
		SELECT COUNT(*) AS cnt
		FROM friend WHERE followerId = #{loginedMemberId}
		AND followId = #{memberId}
	</select>
	
	<select id="getFollowCross" resultType="int">
		SELECT COUNT(*) AS cnt
		FROM friend WHERE followerId = #{memberId}
		AND followId = #{loginedMemberId} 
	</select>

	<resultMap type="Friend" id="friend">
		<id property="id" column="id" />
		<id property="regDate" column="regDate" />
		<id property="followId" column="followId" />
		<id property="followerId" column="followerId" />
		<id property="readStatus" column="readStatus" />
		<association property="extra" javaType="map">
			<id property="writer" column="extra__writer" />
		</association>
	</resultMap>


	<resultMap type="Member" id="member">
		<id property="id" column="id" />
		<id property="regDate" column="regDate" />
		<id property="updateDate" column="updateDate" />
		<id property="email" column="email" />
		<id property="name" column="name" />
		<id property="nickname" column="nickname" />
		<id property="level" column="level"></id>
		<id property="introduce" column="introduce" />
		<association property="extra" javaType="map">
			<id property="writer" column="extra__writer" />
		</association>
	</resultMap>

</mapper>
