<?xml version="1.0" encoding="UTF-8"?>
<!DOCTYPE mapper
  PUBLIC "-//mybatis.org//DTD Mapper 3.0//EN"
  "http://mybatis.org/dtd/mybatis-3-mapper.dtd">


<mapper namespace="com.sbs.meet.dao.MessageDao">
	<insert id="writeMessage" useGeneratedKeys="true"
		keyProperty="id">
		INSERT INTO message
		SET regDate = NOW(),
		body = #{body},
		toId = #{toId},
		fromId = #{fromId},
		delStatus = 0,
		displayStatus = 0,
		readStatus = 0
	</insert>

	<select id="getForPrintMessagesAjax" resultMap="message">
	<![CDATA[
	
	SELECT MSG.*,
	SND.nickname AS extra__fromMemberName
	FROM message AS MSG
	INNER JOIN `member` AS SND
	ON MSG.fromId = SND.id
	WHERE MSG.toId = #{toId}
	AND MSG.delStatus = 0
	AND MSG.id >= #{from}
	ORDER BY id ASC

	]]>
	</select>
	
	<update id="doUpdateReadStatus">
	UPDATE message
	SET readStatus = 1
	WHERE toId =  #{loginedMemberId}
	</update>
	
	<select id="getMsgNoticeCount">
	SELECT COUNT(*) AS
	cnt FROM message
	WHERE toId = #{loginedmemberId}
	AND readStatus = 0
	</select>


	<resultMap type="Message" id="message">
		<id property="id" column="id" />
		<id property="regDate" column="regDate" />
		<id property="delRegDate" column="delRegDate" />
		<id property="displayStatus" column="displayStatus"></id>
		<id property="delStatus" column="delStatus"></id>
		<id property="readStatus" column="readStatus"></id>
		<id property="body" column="body" />
		<id property="fromId" column="fromId" />
		<id property="toId" column="toId"></id>
		<association property="extra" javaType="map">
			<id property="writer" column="extra__fromMemberName"></id>
		</association>
	</resultMap>

</mapper>