<?xml version="1.0" encoding="UTF-8"?>
<!DOCTYPE mapper
  PUBLIC "-//mybatis.org//DTD Mapper 3.0//EN"
  "http://mybatis.org/dtd/mybatis-3-mapper.dtd">


<mapper namespace="com.sbs.meet.dao.ReplyDao">
	<insert id="writeReply" useGeneratedKeys="true" keyProperty="id">
		INSERT INTO articleReply
		SET regDate = NOW(),
		updateDate = NOW(),
		body =
		#{body},
		memberId = #{memberId},
		articleId = #{articleId},
		displayStatus
		= 1,
		readStatus = 0
	</insert>


	<select id="getForPrintArticleReplies" resultMap="articleReply">
		<!-- CDATA 한 이유 >= 부등호를 위해 -->
	<![CDATA[
	SELECT AR.*,
	M.nickname AS extra__writer
	FROM articleReply AS AR
	INNER JOIN member AS M
	ON AR.memberId = M.id
	WHERE AR.articleId = #{articleId}
	AND AR.displayStatus = 1
	AND AR.id >= #{from}
	ORDER BY AR.id ASC
	]]>
	</select>


	<select id="getForPrintArticleRepliesByMyArticle" resultMap="articleReply">
		SELECT AR.*,
		M.nickname AS extra__writer
		FROM articleReply AS AR
		INNER JOIN
		article AS A
		ON AR.articleId = A.id
		INNER JOIN member AS M
		ON M.id =
		AR.memberId
		WHERE A.memberId = #{loginedMemberId}
		AND AR.displayStatus =
		1
		AND AR.readStatus = 0
		ORDER BY AR.id DESC
	</select>
	
	<update id="updateReadStatus">
	UPDATE articleReply
	SET updateDate = NOW(),
	readStatus = 1
	WHERE id = #{id}
	</update>


	<resultMap type="ArticleReply" id="articleReply">
		<id property="id" column="id" />
		<id property="regDate" column="regDate" />
		<id property="updateDate" column="updateDate" />
		<id property="body" column="body" />
		<id property="memberId" column="memberId" />
		<id property="articleId" column="articleId"></id>
		<id property="displayStatus" column="displayStatus"></id>
		<association property="extra" javaType="map">
			<id property="writer" column="extra__writer"></id>
		</association>
	</resultMap>

</mapper>