<?xml version="1.0" encoding="UTF-8"?>
<!DOCTYPE mapper PUBLIC "-//mybatis.org//DTD Mapper 3.0//EN" "http://mybatis.org/dtd/mybatis-3-mapper.dtd">

<mapper namespace="com.sbs.starter.dao.MemberDao">
	<select id="getLoginIdDupCount" parameterType="String" resultType="int">
		SELECT COUNT(*)
		FROM member
		WHERE loginId = #{loginId}
	</select>
	
	<insert id="join" parameterType="map" useGeneratedKeys="true"
		keyProperty="id">
		INSERT INTO member
		SET regDate = NOW(),
		loginId = #{loginId},
		loginPw = #{loginPw}
	</insert>
	
	<select id="getMatchedOne" parameterType="string" resultType="Member">
		SELECT * 
		FROM member
		WHERE loginId = #{loginId}
		AND loginPw = #{loginPw}
	</select>
	
	<select id="getOne" parameterType="long" resultType="Member">
		SELECT *
		FROM member
		WHERE id = #{id}
	</select>
</mapper>